{
  "title": "Course Presentation",
  "contentType": "Library",
  "majorVersion": 1,
  "minorVersion": 22,
  "patchVersion": 11,
  "runnable": 1,
  "fullscreen": 1,
  "embedTypes": [
    "iframe"
  ],
  "machineName": "H5P.CoursePresentation",
  "author": "Joubel",
  "license": "MIT",
  "coreApi": {
    "majorVersion": 1,
    "minorVersion": 23
  },
  "preloadedJs": [
    {
      "path": "dist/h5p-course-presentation.js"
    }
  ],
  "preloadedCss": [
    {
      "path": "dist/h5p-course-presentation.css"
    }
  ],
  "preloadedDependencies": [
    {
      "machineName": "FontAwesome",
      "majorVersion": 4,
      "minorVersion": 5
    },
    {
      "machineName": "H5P.JoubelUI",
      "majorVersion": 1,
      "minorVersion": 3
    },
    {
      "machineName": "H5P.FontIcons",
      "majorVersion": 1,
      "minorVersion": 0
    }
  ],
  "editorDependencies": [
    {
      "machineName": "H5PEditor.ShowWhen",
      "majorVersion": 1,
      "minorVersion": 0
    },
    {
      "machineName": "H5PEditor.CoursePresentation",
      "majorVersion": 1,
      "minorVersion": 22
    }
  ]
}
